{"cameraMode":{"drawMode":0,"name":"Shaded","section":"Shading Mode"},"sceneLighting":false,"audioPlay":false,"sceneViewState":{"m_AlwaysRefresh":false,"showFog":true,"showSkybox":false,"showFlares":true,"showImageEffects":true,"showParticleSystems":true,"showVisualEffectGraphs":true,"m_FxEnabled":true},"in2DMode":false,"pivot":{"x":-0.8402833938598633,"y":1.0000157356262208,"z":0.08294486999511719},"rotation":{"x":-0.140752911567688,"y":-0.035043977200984958,"z":0.0049793594516813759,"w":-0.9894207119941711},"size":11.57303237915039,"orthographic":false}