{"cameraMode":{"drawMode":0,"name":"Shaded","section":"Shading Mode"},"sceneLighting":false,"audioPlay":false,"sceneViewState":{"m_AlwaysRefresh":false,"showFog":true,"showSkybox":false,"showFlares":true,"showImageEffects":true,"showParticleSystems":true,"showVisualEffectGraphs":true,"m_FxEnabled":true},"in2DMode":false,"pivot":{"x":20.94634246826172,"y":-0.025480851531028749,"z":0.3826899528503418},"rotation":{"x":-0.013731962069869042,"y":0.10539133846759796,"z":-0.0014575475361198187,"w":-0.994342029094696},"size":2.0349061489105226,"orthographic":false}